id,name,address,pname,pcode,cityname,citycode,adname,adcode,tel,type,photos,timestamp,lon_gcj02,lat_gcj02,lon_wgs84,lat_wgs84,大类,中类,小类
B0FFH1HZIK,济宁服务区,任城区,山东省,370000,济宁市,537,任城区,370811,[],道路附属设施;服务区;高速加油站服务区,"[{'title': [], 'url': 'http://store.is.autonavi.com/showpic/332221b80626ae5ae63704033f8a770d'}, {'title': [], 'url': 'http://store.is.autonavi.com/showpic/f87e7c331637bd809764a12427e97975'}, {'title': [], 'url': 'http://store.is.autonavi.com/showpic/163970be5f800ec99906992343aeca85'}]",2022-06-01T19:56:24,116.465112,35.496057,116.45948521833228,35.49616313969508,道路附属设施,服务区,高速加油站服务区
B0FFGQHBS4,岚济线济邹公路收费站(319省道东南向),任城区,山东省,370000,济宁市,537,任城区,370811,[],道路附属设施;收费站;收费站,[],2022-06-01T19:51:24,116.745877,35.355503,116.7403148290188,35.35581677568232,道路附属设施,收费站,收费站
B02190A80Y,梁山服务区,梁山县,山东省,370000,济宁市,537,梁山县,370832,[],道路附属设施;服务区;高速服务区,"[{'title': [], 'url': 'http://store.is.autonavi.com/showpic/24fca021b1c926704813afefd16510cb'}]",2022-06-01T16:48:30,116.180271,35.637691,116.17460869671184,35.6377359906605,道路附属设施,服务区,高速服务区
B021909X8W,曲阜服务区,曲阜市,山东省,370000,济宁市,537,曲阜市,370881,[],道路附属设施;服务区;高速服务区,"[{'title': [], 'url': 'http://store.is.autonavi.com/showpic/0e9a638a8f592a940c19b661750f0f49'}]",2022-06-01T16:04:00,117.045708,35.562017,117.0398058991817,35.562042433051666,道路附属设施,服务区,高速服务区
B0FFIKEHKZ,济宁停车区,任城区,山东省,370000,济宁市,537,任城区,370811,[],道路附属设施;服务区;高速服务区,[],2022-06-01T16:03:59,116.443038,35.208434,116.4373830132801,35.208747719126755,道路附属设施,服务区,高速服务区
B021909X8Y,邹城服务区,邹城市,山东省,370000,济宁市,537,邹城市,370883,[],道路附属设施;服务区;高速服务区,"[{'title': [], 'url': 'http://store.is.autonavi.com/showpic/a9893336fecbe705bb883c3da5d9fde9'}]",2022-06-01T16:03:59,117.103699,35.271032,117.09772308638024,35.27123370374534,道路附属设施,服务区,高速服务区
B0FFHNX3VN,鱼台服务区,鱼台县,山东省,370000,济宁市,537,鱼台县,370827,[],道路附属设施;服务区;高速服务区,"[{'title': [], 'url': 'http://store.is.autonavi.com/showpic/5f2e6816ced7789e0c848c372358a36a'}]",2022-06-01T16:03:56,116.531779,35.015253,116.52642787840256,35.01601487933116,道路附属设施,服务区,高速服务区
BZBSQ1002S,峄山连接线(G3京台高速出口),邹城市,山东省,370000,济宁市,537,邹城市,370883,[],道路附属设施;收费站;收费站,[],2022-06-01T16:01:30,117.088438,35.30033,117.08246908959524,35.3005049447262,道路附属设施,收费站,收费站
BZBZPX001C,汶上北收费站(S30董梁高速出口),汶上县,山东省,370000,济宁市,537,汶上县,370830,[],道路附属设施;收费站;收费站,[],2022-06-01T15:27:17,116.604507,35.843513,116.59917039270228,35.84372745266952,道路附属设施,收费站,收费站
B0FFIKFOYZ,梁山北服务区,梁山县,山东省,370000,济宁市,537,梁山县,370832,[],道路附属设施;服务区;高速服务区,[],2022-06-01T14:06:53,116.064906,35.836415,116.05907625219513,35.836297250781506,道路附属设施,服务区,高速服务区
B02190XC6Q,汶上停车区,停车区(济徐高速公路西),山东省,370000,济宁市,537,汶上县,370830,[],道路附属设施;服务区;高速服务区,"[{'title': [], 'url': 'http://store.is.autonavi.com/showpic/03cf4cd841098b99d12fec5e2719e4da'}]",2022-06-01T13:46:54,116.4327,35.639537,116.42697987456282,35.63949055846776,道路附属设施,服务区,高速服务区
BZBZPS000O,梁山县陈垓黄河浮桥收费站,梁山县,山东省,370000,济宁市,537,梁山县,370832,[],道路附属设施;收费站;收费站,[],2022-06-01T13:17:08,115.894153,35.875627,115.88866404416936,35.875844904361,道路附属设施,收费站,收费站
B0FFHNX3QB,济宁停车区,任城区,山东省,370000,济宁市,537,任城区,370811,[],道路附属设施;服务区;高速服务区,"[{'title': [], 'url': 'http://store.is.autonavi.com/showpic/aa0442f156972bbb51aae597fd032a6a'}]",2022-06-01T13:12:50,116.444143,35.208301,116.43849045090442,35.2086168355272,道路附属设施,服务区,高速服务区
B02190A80X,梁山服务区,梁山县,山东省,370000,济宁市,537,梁山县,370832,[],道路附属设施;服务区;高速服务区,"[{'title': [], 'url': 'http://store.is.autonavi.com/showpic/b9f77c9452c96a2f664429cf003158a0'}, {'title': [], 'url': 'http://store.is.autonavi.com/showpic/69b9217051eb6067c18e95fc3b821b70'}]",2022-06-01T10:40:27,116.178432,35.639063,116.172764690507,35.639103851743194,道路附属设施,服务区,高速服务区
B0FFGLNQP2,汶上停车区,停车区(济徐高速公路东),山东省,370000,济宁市,537,汶上县,370830,[],道路附属设施;服务区;高速服务区,"[{'title': [], 'url': 'http://store.is.autonavi.com/showpic/6f21a043a6b7742c0a11399ccf4e72bb'}]",2022-06-01T10:40:16,116.433693,35.639215,116.4279745971841,35.63917008331188,道路附属设施,服务区,高速服务区
B02190AKCC,济宁服务区,兖州区,山东省,370000,济宁市,537,兖州区,370812,[],道路附属设施;服务区;高速服务区,[],2022-06-01T10:37:19,116.759081,35.519804,116.75349729640844,35.51998921389959,道路附属设施,服务区,高速服务区
B021909VZF,济宁服务区,兖州区,山东省,370000,济宁市,537,兖州区,370812,[],道路附属设施;服务区;高速服务区,"[{'title': [], 'url': 'http://store.is.autonavi.com/showpic/10399a54a402228d36e5afbdbe610a47'}]",2022-06-01T10:37:18,116.760496,35.520988,116.75491215946236,35.52117290340389,道路附属设施,服务区,高速服务区
B0FFIIM7FQ,济宁服务区,任城区,山东省,370000,济宁市,537,任城区,370811,[],道路附属设施;服务区;高速服务区,"[{'title': [], 'url': 'http://store.is.autonavi.com/showpic/824805f2fd8e6bffe5c9e383cd01f440'}]",2022-06-01T09:53:53,116.466699,35.495568,116.46107714639132,35.4956785072502,道路附属设施,服务区,高速服务区
B021909UGJ,曲阜免费区,曲阜市,山东省,370000,济宁市,537,曲阜市,370881,[],道路附属设施;服务区;高速服务区,[],2022-06-01T09:50:35,117.048992,35.562055,117.04307936309011,35.5620733101844,道路附属设施,服务区,高速服务区
B0FFH4K5Q9,聊城西收费站(G1511日兰高速入口),任城区,山东省,370000,济宁市,537,任城区,370811,[],道路附属设施;收费站;收费站,[],2022-06-01T08:18:52,116.435159,35.503421,116.4294575229088,35.50346151139417,道路附属设施,收费站,收费站
BZBOPU001I,金乡西收费站(S38岚菏高速出口),金乡县,山东省,370000,济宁市,537,金乡县,370828,[],道路附属设施;收费站;收费站,[],2022-06-01T07:19:30,116.229724,34.98274,116.22423103034605,34.98344450792426,道路附属设施,收费站,收费站
BZBZPT0022,梁山北收费站(S30董梁高速出口),梁山县,山东省,370000,济宁市,537,梁山县,370832,[],道路附属设施;收费站;收费站,[],2022-06-01T07:00:21,116.09394,35.839084,116.08809282647115,35.838940845979046,道路附属设施,收费站,收费站
B0FFH4K5PH,汶上南收费站(S33济徐高速入口),汶上县,山东省,370000,济宁市,537,汶上县,370830,[],道路附属设施;收费站;收费站,[],2022-06-01T05:48:33,116.429469,35.664796,116.4237410489034,35.66473255423715,道路附属设施,收费站,收费站
B0FFHOB6MX,鱼台服务区,鱼台县,山东省,370000,济宁市,537,鱼台县,370827,[],道路附属设施;服务区;高速服务区,"[{'title': [], 'url': 'http://store.is.autonavi.com/showpic/0b090f94d2ea2dd1e6d0a73fe39ee009'}]",2022-06-01T03:20:43,116.533075,35.016105,116.52772768661498,35.016869264505615,道路附属设施,服务区,高速服务区
BZBTPY004U,服务区(建设中),任城区,山东省,370000,济宁市,537,任城区,370811,[],道路附属设施;服务区;高速服务区,[],2022-06-01T02:38:43,116.74144,35.347167,116.7358819548213,35.34748938895776,道路附属设施,服务区,高速服务区
BZBMQ2003Y,微山收费站(S3812岚菏高速微山连接线入口),微山县,山东省,370000,济宁市,537,微山县,370826,[],道路附属设施;收费站;收费站,[],2022-06-01T02:31:32,117.168472,34.828623,117.16261040441007,34.82938669085484,道路附属设施,收费站,收费站
BZBQPZ000K,两城收费站(S38岚菏高速入口),微山县,山东省,370000,济宁市,537,微山县,370826,[],道路附属设施;收费站;收费站,[],2022-06-01T02:16:40,116.779143,35.126785,116.77360773531032,35.1273428217491,道路附属设施,收费站,收费站
BZBQPZ000L,两城收费站(S38岚菏高速出口),微山县,山东省,370000,济宁市,537,微山县,370826,[],道路附属设施;收费站;收费站,[],2022-05-31T23:22:38,116.779173,35.126879,116.7736377495208,35.12743675024263,道路附属设施,收费站,收费站
B0FFGQGQ3J,济宁南连接线(S33济徐高速入口),嘉祥县,山东省,370000,济宁市,537,嘉祥县,370829,[],道路附属设施;收费站;收费站,[],2022-05-31T21:34:13,116.438962,35.242338,116.43329503808285,35.24261018392611,道路附属设施,收费站,收费站
BZBPPX001C,鱼台北收费站(S38岚菏高速出口),鱼台县,山东省,370000,济宁市,537,鱼台县,370827,[],道路附属设施;收费站;收费站,[],2022-05-31T21:22:32,116.58608,35.051127,116.58082474521248,35.051938088994824,道路附属设施,收费站,收费站
B0FFH59G5F,泗水收费站(G1511日兰高速入口),泗水县,山东省,370000,济宁市,537,泗水县,370831,[],道路附属设施;收费站;收费站,[],2022-05-31T19:02:43,117.243015,35.552702,117.23716131096484,35.552853926627705,道路附属设施,收费站,收费站
B02190AKWR,泗水服务区(建设中),泗水县,山东省,370000,济宁市,537,泗水县,370831,[],道路附属设施;服务区;高速服务区,[],2022-05-31T17:16:01,117.36026,35.506941,117.35418379827888,35.50697138748159,道路附属设施,服务区,高速服务区
B02190AAI8,泗水服务区,泗水县,山东省,370000,济宁市,537,泗水县,370831,[],道路附属设施;服务区;高速服务区,"[{'title': [], 'url': 'http://store.is.autonavi.com/showpic/955769582a253b3943438fd0a7639dae'}]",2022-05-31T16:22:49,117.361443,35.507933,117.35536419239428,35.50796091804612,道路附属设施,服务区,高速服务区
B0FFGQITQ6,济宁机场收费站(S33济徐高速入口),任城区,山东省,370000,济宁市,537,任城区,370811,[],道路附属设施;收费站;收费站,[],2022-05-31T15:21:06,116.44702,35.306074,116.44136385592056,35.30629810887262,道路附属设施,收费站,收费站
BZBUPW002F,济宁经开区收费站(S33济徐高速入口),嘉祥县,山东省,370000,济宁市,537,嘉祥县,370829,[],道路附属设施;收费站;收费站,[],2022-05-31T15:03:58,116.45678,35.446509,116.451134174166,35.446632163283304,道路附属设施,收费站,收费站
BZBVPY002Z,收费站(济微高速出口),兖州区,山东省,370000,济宁市,537,兖州区,370812,[],道路附属设施;收费站;收费站,[],2022-05-31T14:57:59,116.735132,35.580909,116.7295558291814,35.58105807866107,道路附属设施,收费站,收费站
B02190AFNS,邹城免费区,邹城市,山东省,370000,济宁市,537,邹城市,370883,[],道路附属设施;服务区;高速服务区,"[{'title': [], 'url': 'http://store.is.autonavi.com/showpic/73e696a43250edea7a1b67f8952eeb9f'}]",2022-05-31T14:53:13,117.106796,35.271002,117.1008195396169,35.27120464610137,道路附属设施,服务区,高速服务区
BZBXPW0051,汶上西收费站(S33济徐高速入口),汶上县,山东省,370000,济宁市,537,汶上县,370830,[],道路附属设施;收费站;收费站,[],2022-05-31T12:21:10,116.417943,35.731204,116.41219406571356,35.73109932968652,道路附属设施,收费站,收费站
BZBQPY000G,南阳古镇收费站(S38岚菏高速出口),微山县,山东省,370000,济宁市,537,微山县,370826,[],道路附属设施;收费站;收费站,[],2022-05-31T06:28:36,116.667312,35.115864,116.66193050593296,35.116522983566135,道路附属设施,收费站,收费站
B0FFH06NNU,泉林收费站(G1511日兰高速入口),泗水县,山东省,370000,济宁市,537,泗水县,370831,[],道路附属设施;收费站;收费站,[],2022-05-31T05:16:07,117.394707,35.493135,117.38858264974188,35.49314154947035,道路附属设施,收费站,收费站
BZBSQ1002R,峄山收费站(G3京台高速入口),邹城市,山东省,370000,济宁市,537,邹城市,370883,[],道路附属设施;收费站;收费站,[],2022-05-31T01:32:37,117.089496,35.300863,117.0835259146358,35.30103699447206,道路附属设施,收费站,收费站
B0FFGQFOPD,济宁收费站(G1511日兰高速出口),任城区,山东省,370000,济宁市,537,任城区,370811,[],道路附属设施;收费站;收费站,[],2022-05-31T00:07:03,116.661398,35.526664,116.65599048591318,35.52695878133493,道路附属设施,收费站,收费站
BZBSPZ001B,收费口(济微高速入口),微山县,山东省,370000,济宁市,537,微山县,370826,[],道路附属设施;收费站;收费站,[],2022-05-30T23:19:28,116.765809,35.309483,116.76024785505815,35.30984298267535,道路附属设施,收费站,收费站
B0FFGQG6DR,泉林收费站(G1511日兰高速出口),泗水县,山东省,370000,济宁市,537,泗水县,370831,[],道路附属设施;收费站;收费站,[],2022-05-30T20:52:54,117.394783,35.493207,117.38865859385989,35.49321347253492,道路附属设施,收费站,收费站
BZBYPS0012,杨营收费站(S30董梁高速入口),梁山县,山东省,370000,济宁市,537,梁山县,370832,[],道路附属设施;收费站;收费站,[],2022-05-30T20:09:04,115.960243,35.821681,115.95470168811894,35.821842237957256,道路附属设施,收费站,收费站
B0FFGQFI75,济宁西收费站(G1511日兰高速出口),任城区,山东省,370000,济宁市,537,任城区,370811,[],道路附属设施;收费站;收费站,[],2022-05-30T18:12:08,116.435495,35.504113,116.42979405634112,35.50415351406295,道路附属设施,收费站,收费站
BZBTPY004V,服务区(建设中),任城区,山东省,370000,济宁市,537,任城区,370811,[],道路附属设施;服务区;高速服务区,[],2022-05-30T18:00:43,116.739643,35.346162,116.73408663050752,35.34648596919244,道路附属设施,服务区,高速服务区
BZC0PS002D,梁山京九浮桥收费处(京九浮桥路西北向),梁山县,山东省,370000,济宁市,537,梁山县,370832,[],道路附属设施;收费站;收费站,[],2022-05-30T11:40:47,115.894067,35.919187,115.88857346962904,35.91939285374447,道路附属设施,收费站,收费站
B0G0OSUJOG,泗河街道鲍村服务区,泗水县,山东省,370000,济宁市,537,泗水县,370831,[],道路附属设施;道路附属设施;道路附属设施,[],2022-05-30T10:28:27,117.316295,35.660488,117.31031285854732,35.66050620695227,道路附属设施,道路附属设施,道路附属设施
BZBOPX0016,鱼台西收费站(S33济徐高速出口),鱼台县,山东省,370000,济宁市,537,鱼台县,370827,[],道路附属设施;收费站;收费站,[],2022-05-30T08:28:40,116.555566,34.965991,116.55028092478716,34.966861188325296,道路附属设施,收费站,收费站
B0FFGQFVMA,济宁南连接线(S33济徐高速出口),嘉祥县,山东省,370000,济宁市,537,嘉祥县,370829,[],道路附属设施;收费站;收费站,[],2022-05-30T06:34:23,116.437883,35.243919,116.43221376876788,35.244187882815986,道路附属设施,收费站,收费站
BZBUPY005W,服务区(建设中),兖州区,山东省,370000,济宁市,537,兖州区,370812,[],道路附属设施;服务区;高速服务区,[],2022-05-30T03:31:03,116.726776,35.491867,116.7212198904698,35.492080877865924,道路附属设施,服务区,高速服务区
B0FFGQFX7O,汶上南收费站(S33济徐高速出口),汶上县,山东省,370000,济宁市,537,汶上县,370830,[],道路附属设施;收费站;收费站,[],2022-05-30T01:05:56,116.429569,35.66497,116.42384118170794,35.66490658884245,道路附属设施,收费站,收费站
BZBXPU002D,梁山收费站(G35济广高速入口),梁山县,山东省,370000,济宁市,537,梁山县,370832,[],道路附属设施;收费站;收费站,[],2022-05-30T00:27:20,116.222211,35.684336,116.21663585041176,35.68442096434007,道路附属设施,收费站,收费站
BZC0PS002K,收费站,梁山县,山东省,370000,济宁市,537,梁山县,370832,[],道路附属设施;收费站;收费站,[],2022-05-30T00:22:10,115.963262,35.965534,115.95769807942764,35.965647411276656,道路附属设施,收费站,收费站
B0FFGQJH6I,济宁收费站(G1511日兰高速入口),任城区,山东省,370000,济宁市,537,任城区,370811,[],道路附属设施;收费站;收费站,[],2022-05-29T20:09:49,116.66174,35.526672,116.65633159136604,35.52696613462881,道路附属设施,收费站,收费站
BZBTPW002C,太白湖收费站(S33济徐高速入口),嘉祥县,山东省,370000,济宁市,537,嘉祥县,370829,[],道路附属设施;收费站;收费站,[],2022-05-29T14:53:45,116.434882,35.362406,116.4291948367773,35.362558152147635,道路附属设施,收费站,收费站
BZBQPY000O,收费站(济微高速入口),微山县,山东省,370000,济宁市,537,微山县,370826,[],道路附属设施;收费站;收费站,[],2022-05-29T11:49:10,116.727852,35.164136,116.72232813756588,35.16464797108918,道路附属设施,收费站,收费站
BZBUPW002E,济宁经开区收费站(S33济徐高速出口),济宁经开区立交与西二环交叉口西140米,山东省,370000,济宁市,537,嘉祥县,370829,[],道路附属设施;收费站;收费站,[],2022-05-29T11:48:58,116.456817,35.446328,116.45117129508958,35.44645138785681,道路附属设施,收费站,收费站
BZBUQ10020,邹城北连接线(G3京台高速出口),邹城市,山东省,370000,济宁市,537,邹城市,370883,[],道路附属设施;收费站;收费站,[],2022-05-29T06:20:41,117.052072,35.465363,117.04616042380512,35.465441724976536,道路附属设施,收费站,收费站
BZBVPY002Y,收费站(济微高速入口),兖州区,山东省,370000,济宁市,537,兖州区,370812,[],道路附属设施;收费站;收费站,[],2022-05-29T01:25:44,116.736012,35.542193,116.73043890107289,35.542365843473725,道路附属设施,收费站,收费站
BZBOPW0015,金乡南收费站(S38岚菏高速入口),金乡县,山东省,370000,济宁市,537,金乡县,370828,[],道路附属设施;收费站;收费站,[],2022-05-29T01:20:47,116.39016,34.990634,116.3844842345108,34.991152431261995,道路附属设施,收费站,收费站
B0FFH6ISTQ,兖州收费站(G1511日兰高速入口),兖州区,山东省,370000,济宁市,537,兖州区,370812,[],道路附属设施;收费站;收费站,[],2022-05-28T23:09:19,116.798238,35.514507,116.79268413452851,35.51473441875652,道路附属设施,收费站,收费站
B0FFHXOBN2,金乡服务区,金乡县,山东省,370000,济宁市,537,金乡县,370828,[],道路附属设施;服务区;高速服务区,"[{'title': [], 'url': 'http://store.is.autonavi.com/showpic/99e7ceb80e84c440d5dcf8edb3995482'}]",2022-05-28T20:33:05,116.321223,34.978747,116.3156625171008,34.97938084921095,道路附属设施,服务区,高速服务区
BZBVQ10024,曲阜东收费站(G1511日兰高速入口),曲阜市,山东省,370000,济宁市,537,曲阜市,370881,[],道路附属设施;收费站;收费站,[],2022-05-28T20:04:04,117.088318,35.54568,117.08232241209444,35.54565731598089,道路附属设施,收费站,收费站
BZBVPY0030,匝道(济微高速入口),青州区,山东省,370000,济宁市,537,兖州区,370812,[],道路附属设施;收费站;收费站,[],2022-05-28T20:03:21,116.735798,35.580309,116.73022115862447,35.58045806471483,道路附属设施,收费站,收费站
BZBXPW0056,汶上西收费站(S33济徐高速出口),汶上县,山东省,370000,济宁市,537,汶上县,370830,[],道路附属设施;收费站;收费站,[],2022-05-28T19:31:29,116.417952,35.731155,116.4122030790509,35.73105035642733,道路附属设施,收费站,收费站
BZBLQ3001F,微山湖服务区(G3京台高速出口),微山县,山东省,370000,济宁市,537,微山县,370826,[],道路附属设施;收费站;收费站,[],2022-05-28T18:13:57,117.313587,34.708543,117.30771476109608,34.70945955719298,道路附属设施,收费站,收费站
BZBLQ3001E,微山湖服务区(G3京台高速入口),微山县,山东省,370000,济宁市,537,微山县,370826,[],道路附属设施;收费站;收费站,[],2022-05-28T18:13:57,117.313545,34.708349,117.30767288904714,34.709265820392034,道路附属设施,收费站,收费站
B0FFGQGVJO,泗水收费站(G1511日兰高速出口),泗水县,山东省,370000,济宁市,537,泗水县,370831,[],道路附属设施;收费站;收费站,[],2022-05-28T15:47:48,117.243123,35.552634,117.23726930457784,35.552785996349456,道路附属设施,收费站,收费站
B0FFHXLB1D,金乡服务区,金乡县,山东省,370000,济宁市,537,金乡县,370828,[],道路附属设施;服务区;高速服务区,[],2022-05-28T13:48:00,116.321233,34.980307,116.31567233702468,34.98093908492113,道路附属设施,服务区,高速服务区
B0FFIKFP46,梁山北服务区,梁山县,山东省,370000,济宁市,537,梁山县,370832,[],道路附属设施;服务区;高速服务区,[],2022-05-28T11:13:48,116.064988,35.83473,116.05915832165375,35.8346126673466,道路附属设施,服务区,高速服务区
B0FFH59GDR,邹城收费站(G3京台高速入口),邹城市,山东省,370000,济宁市,537,邹城市,370883,[],道路附属设施;收费站;收费站,[],2022-05-28T10:50:19,117.063256,35.409222,117.0573200040384,35.4093252206471,道路附属设施,收费站,收费站
B0FFH59G91,嘉祥西收费站(G35济广高速入口),嘉祥县,山东省,370000,济宁市,537,嘉祥县,370829,[],道路附属设施;收费站;收费站,[],2022-05-28T08:04:40,116.142076,35.610171,116.13631828320216,35.61016274305385,道路附属设施,收费站,收费站
BZC0PS002J,匝道,梁山县,山东省,370000,济宁市,537,梁山县,370832,[],道路附属设施;收费站;收费站,[],2022-05-28T06:50:26,115.962829,35.964932,115.95726625784776,35.96504663618347,道路附属设施,收费站,收费站
BZBUQ1001T,邹城北收费站(G3京台高速入口),邹城市,山东省,370000,济宁市,537,邹城市,370883,[],道路附属设施;收费站;收费站,[],2022-05-28T06:49:27,117.052833,35.466025,117.04691908582792,35.466101720549155,道路附属设施,收费站,收费站
BZBWPY001F,收费站(济微高速入口),兖州区,山东省,370000,济宁市,537,兖州区,370812,[],道路附属设施;收费站;收费站,[],2022-05-28T04:07:40,116.719666,35.621081,116.71410786588056,35.621220042471954,道路附属设施,收费站,收费站
BZBPPX001B,鱼台北收费站(S38岚菏高速入口),鱼台县,山东省,370000,济宁市,537,鱼台县,370827,[],道路附属设施;收费站;收费站,[],2022-05-27T20:21:31,116.58622,35.051056,116.58096480942572,35.05186723935905,道路附属设施,收费站,收费站
B0FFGVT0MX,曲阜北收费站(G3京台高速出口),曲阜市,山东省,370000,济宁市,537,曲阜市,370881,[],道路附属设施;收费站;收费站,[],2022-05-27T12:16:53,117.059611,35.738933,117.05364825441592,35.738840028892696,道路附属设施,收费站,收费站
BZBWQ1002Y,曲阜收费站(G3京台高速入口),曲阜市,山东省,370000,济宁市,537,曲阜市,370881,[],道路附属设施;收费站;收费站,[],2022-05-27T11:19:58,117.041837,35.600444,117.03594371427594,35.60045517318815,道路附属设施,收费站,收费站
B0FFGX252P,嘉祥西收费站(G35济广高速出口),嘉祥县,山东省,370000,济宁市,537,嘉祥县,370829,[],道路附属设施;收费站;收费站,[],2022-05-27T10:57:03,116.142002,35.610305,116.13624410031132,35.61029655424334,道路附属设施,收费站,收费站
BZBMQ2003F,微山收费站(S3812岚菏高速微山连接线出口),微山县,山东省,370000,济宁市,537,微山县,370826,[],道路附属设施;收费站;收费站,[],2022-05-27T10:14:35,117.168475,34.828777,117.16261339343062,34.82954053290264,道路附属设施,收费站,收费站
BZBYPS001E,杨营收费站(范台梁高速出口),梁山县,山东省,370000,济宁市,537,梁山县,370832,[],道路附属设施;收费站;收费站,[],2022-05-27T10:13:53,115.959975,35.821702,115.9544343466119,35.82186387550499,道路附属设施,收费站,收费站
BZBTPW002B,太白湖收费站(S33济徐高速出口),嘉祥县,山东省,370000,济宁市,537,嘉祥县,370829,[],道路附属设施;收费站;收费站,[],2022-05-27T09:25:55,116.434757,35.362523,116.42906960249272,35.36267486965386,道路附属设施,收费站,收费站
BZBUPY005V,服务区(建设中),兖州区,山东省,370000,济宁市,537,兖州区,370812,[],道路附属设施;服务区;高速服务区,[],2022-05-27T08:38:35,116.728861,35.492184,116.723301892973,35.49239591216441,道路附属设施,服务区,高速服务区
BZBQPY000H,南阳古镇收费站(S38岚菏高速入口),微山县,山东省,370000,济宁市,537,微山县,370826,[],道路附属设施;收费站;收费站,[],2022-05-27T08:34:26,116.667229,35.115994,116.6618477126587,35.116652999796486,道路附属设施,收费站,收费站
BZBVQ10025,曲阜东收费站(G1511日兰高速出口),曲阜市,山东省,370000,济宁市,537,曲阜市,370881,[],道路附属设施;收费站;收费站,[],2022-05-27T07:14:32,117.088424,35.545625,117.08242830234856,35.54560230437234,道路附属设施,收费站,收费站
B0FFGQIZH0,岚济线济邹公路交叉路口(319省道西北向),任城区,山东省,370000,济宁市,537,任城区,370811,[],道路附属设施;收费站;收费站,[],2022-05-27T06:33:30,116.74665,35.35504,116.74108739889546,35.35535406433672,道路附属设施,收费站,收费站
BZBSPZ001C,收费站(济微高速出口),微山县,山东省,370000,济宁市,537,微山县,370826,[],道路附属设施;收费站;收费站,[],2022-05-27T06:28:03,116.765743,35.30949,116.76018183765476,35.30984993843008,道路附属设施,收费站,收费站
B0FFFMDLCE,嘉祥收费站(G1511日兰高速入口),嘉祥县,山东省,370000,济宁市,537,嘉祥县,370829,[],道路附属设施;收费站;收费站,[],2022-05-27T05:11:31,116.354342,35.480132,116.34866092412972,35.48020970861975,道路附属设施,收费站,收费站
BZBTPY004Z,收费站(济微高速出口),任城区,山东省,370000,济宁市,537,任城区,370811,[],道路附属设施;收费站;收费站,[],2022-05-27T05:07:56,116.739707,35.347922,116.7341503900968,35.34824435807645,道路附属设施,收费站,收费站
B0FFG7N6E8,曲阜南收费站(G1511日兰高速出口),曲阜市,山东省,370000,济宁市,537,曲阜市,370881,[],道路附属设施;收费站;收费站,[],2022-05-27T04:55:20,116.98434,35.533994,116.97868751565504,35.53421064944347,道路附属设施,收费站,收费站
BZBOPU001H,金乡西收费站(S38岚菏高速入口),金乡县,山东省,370000,济宁市,537,金乡县,370828,[],道路附属设施;收费站;收费站,[],2022-05-27T04:13:52,116.229799,34.982687,116.22430612555598,34.98339162193168,道路附属设施,收费站,收费站
B0FFGQJ8B2,邹城收费站(G3京台高速出口),邹城市,山东省,370000,济宁市,537,邹城市,370883,[],道路附属设施;收费站;收费站,[],2022-05-27T03:11:28,117.063401,35.409386,117.05746463131148,35.409488860625764,道路附属设施,收费站,收费站
B0FFGQJ78N,梁山县蔡楼将军渡浮桥收费站(342国道北向),梁山县,山东省,370000,济宁市,537,梁山县,370832,[],道路附属设施;收费站;收费站,[],2022-05-27T02:10:50,115.912355,35.93385,115.90686717971556,35.934050712782025,道路附属设施,收费站,收费站
BZBWPY001E,收费站(济微高速出口),兖州区,山东省,370000,济宁市,537,兖州区,370812,[],道路附属设施;收费站;收费站,[],2022-05-27T01:26:16,116.719731,35.621106,116.71417275006836,35.62124495720524,道路附属设施,收费站,收费站
BZBOPW0016,金乡南收费站(S38岚菏高速出口),金乡县,山东省,370000,济宁市,537,金乡县,370828,[],道路附属设施;收费站;收费站,[],2022-05-27T01:25:02,116.390129,34.990528,116.38445326221267,34.99104656611323,道路附属设施,收费站,收费站
B0FFH3VIX7,曲阜南收费站(G1511日兰高速入口),曲阜市,山东省,370000,济宁市,537,曲阜市,370881,[],道路附属设施;收费站;收费站,[],2022-05-26T23:33:50,116.984335,35.533817,116.9786825551178,35.534033781533225,道路附属设施,收费站,收费站
B0FFGQFW9M,梁山收费站(G35济广高速出口),梁山县,山东省,370000,济宁市,537,梁山县,370832,[],道路附属设施;收费站;收费站,[],2022-05-26T23:27:36,116.222163,35.684368,116.21658777368934,35.68445290204325,道路附属设施,收费站,收费站
B0FFH58LVK,济宁北收费站(G1511日兰高速入口),任城区,山东省,370000,济宁市,537,任城区,370811,[],道路附属设施;收费站;收费站,[],2022-05-26T19:42:41,116.530283,35.532614,116.52487516793155,35.53288098225374,道路附属设施,收费站,收费站
B0G3XCFBD1,亨利广场便民服务区,兖州区,山东省,370000,济宁市,537,兖州区,370812,[],道路附属设施;道路附属设施;道路附属设施,[],2022-05-26T17:47:18,116.822583,35.564251,116.8170639786168,35.564488169477755,道路附属设施,道路附属设施,道路附属设施
B0FFH3426K,曲阜北收费站(G3京台高速入口),曲阜市,山东省,370000,济宁市,537,曲阜市,370881,[],道路附属设施;收费站;收费站,[],2022-05-26T17:05:50,117.059471,35.738907,117.0535086281696,35.738814278118845,道路附属设施,收费站,收费站
BZBQPW001K,金乡东收费站(S33济徐高速出口),鱼台县,山东省,370000,济宁市,537,鱼台县,370827,[],道路附属设施;收费站;收费站,[],2022-04-23T07:01:12,116.463432,35.088476,116.45784236572588,35.088962175443456,道路附属设施,收费站,收费站
BZBUPY005T,收费站(济微高速出口),兖州区,山东省,370000,济宁市,537,兖州区,370812,[],道路附属设施;收费站;收费站,[],2022-04-23T01:16:11,116.737221,35.425045,116.73165880824509,35.425302664239204,道路附属设施,收费站,收费站
BZBQPY000I,收费站,微山县,山东省,370000,济宁市,537,微山县,370826,[],道路附属设施;收费站;收费站,[],2022-04-23T01:13:42,116.692305,35.091915,116.68686043859591,35.09255350294479,道路附属设施,收费站,收费站
BZBVPY002X,收费站(济微高速出口),兖州区,山东省,370000,济宁市,537,兖州区,370812,[],道路附属设施;收费站;收费站,[],2022-04-22T20:38:01,116.736004,35.542143,116.73043091489517,35.5423158804234,道路附属设施,收费站,收费站
B0FFGQGMX6,济宁机场收费站(S33济徐高速出口),任城区,山东省,370000,济宁市,537,任城区,370811,[],道路附属设施;收费站;收费站,[],2022-04-22T20:00:27,116.446854,35.306089,116.44119746477344,35.30631277622439,道路附属设施,收费站,收费站
B0FFH6ITMT,兖州收费站(G1511日兰高速出口),兖州区,山东省,370000,济宁市,537,兖州区,370812,[],道路附属设施;收费站;收费站,[],2022-04-21T12:36:01,116.798135,35.514741,116.79258096492364,35.514968098760626,道路附属设施,收费站,收费站
BZBYPS0011,杨营收费站(范台梁高速出口),梁山县,山东省,370000,济宁市,537,梁山县,370832,[],道路附属设施;收费站;收费站,[],2022-04-21T12:12:13,115.960152,35.82169,115.95461091181814,35.82185145406408,道路附属设施,收费站,收费站
BZC0PS002E,梁山京九浮桥收费处(京九浮桥路东南向),梁山县,山东省,370000,济宁市,537,梁山县,370832,[],道路附属设施;收费站;收费站,[],2022-04-21T07:18:29,115.894036,35.919177,115.88854244335856,35.91938284634594,道路附属设施,收费站,收费站
B0FFGVT0WL,济宁北收费站(G1511日兰高速出口),任城区,山东省,370000,济宁市,537,任城区,370811,[],道路附属设施;收费站;收费站,[],2022-04-20T09:34:53,116.530289,35.532487,116.52488119941324,35.53275408244121,道路附属设施,收费站,收费站
BZBZPX001D,汶上北收费站(S30董梁高速入口),汶上县,山东省,370000,济宁市,537,汶上县,370830,[],道路附属设施;收费站;收费站,[],2022-04-20T01:43:01,116.604528,35.843652,116.59919136571943,35.84386640275184,道路附属设施,收费站,收费站
B0FFGQHJ9X,梁山县蔡楼将军渡浮桥收费站(342国道南向),梁山县,山东省,370000,济宁市,537,梁山县,370832,[],道路附属设施;收费站;收费站,[],2022-04-19T06:49:51,115.912274,35.933834,115.90678618946728,35.934034755501976,道路附属设施,收费站,收费站
BZBTPY004Y,收费站(济微高速入口),任城区,山东省,370000,济宁市,537,任城区,370811,[],道路附属设施;收费站;收费站,[],2022-04-19T06:18:58,116.739607,35.347726,116.73405050175217,35.34804857525497,道路附属设施,收费站,收费站
B0FFGQH1O7,嘉祥收费站(G1511日兰高速出口),嘉祥县,山东省,370000,济宁市,537,嘉祥县,370829,[],道路附属设施;收费站;收费站,[],2022-04-18T23:48:16,116.35424,35.480002,116.34855912829292,35.48007997227143,道路附属设施,收费站,收费站
BZBQPW001F,金乡东收费站(S33济徐高速入口),鱼台县,山东省,370000,济宁市,537,鱼台县,370827,[],道路附属设施;收费站;收费站,[],2022-04-18T20:40:17,116.46365,35.088502,116.45806101339598,35.088988684781725,道路附属设施,收费站,收费站
BZBWQ1002Z,曲阜收费站(G3京台高速出口),曲阜市,山东省,370000,济宁市,537,曲阜市,370881,[],道路附属设施;收费站;收费站,[],2022-04-18T16:13:55,117.041309,35.60053,117.03541752332804,35.600542365934565,道路附属设施,收费站,收费站
BZBOPX0010,鱼台西服务区(S33济徐高速入口),鱼台县,山东省,370000,济宁市,537,鱼台县,370827,[],道路附属设施;收费站;收费站,[],2022-04-18T02:43:38,116.556387,34.965485,116.55110364304892,34.9663572379136,道路附属设施,收费站,收费站
BZBZPT001Q,梁山北收费站(S30董梁高速入口),梁山县,山东省,370000,济宁市,537,梁山县,370832,[],道路附属设施;收费站;收费站,[],2022-04-15T02:31:25,116.094138,35.839057,116.08829086970816,35.83891381649428,道路附属设施,收费站,收费站
BZBQPY000P,收费站(济微高速出口),微山县,山东省,370000,济宁市,537,微山县,370826,[],道路附属设施;收费站;收费站,[],2022-04-15T02:27:31,116.727847,35.164082,116.7223231501705,35.164594032898925,道路附属设施,收费站,收费站
BZBUPY0067,收费站(济微高速入口),兖州区,山东省,370000,济宁市,537,兖州区,370812,[],道路附属设施;收费站;收费站,[],2022-03-23T19:56:41,116.737326,35.425045,116.73176370116644,35.4253026121,道路附属设施,收费站,收费站
